"mean","SE","deff","question","var"
9.1,0.00100688735287296,1.61839482930929,"q39","% negative"
90.9,0.00100688735287296,1.61839482930929,"q39","% positive"
