SE,question,varname,0,1
0.003740803,q30a,Council,78.1,21.9
0.004498809,q30b,Me/family,52.9,47.1
0.002941694,q30c,NHS,87.8,12.2
0.002880582,q30d,Other,88.5,11.5
0.00450189,q30e,Unpaid care from friends/family,53.8,46.2
